"","P_G","P.arta_Cauchy","P.arta_Omnibus"
"1",0.9341,0.791451495706351,0.898567377835201
